ID,Rating
0,High
1,Low
2,High
3,High
4,High
5,High
6,High
7,High
8,High
9,High
10,High
11,High
12,Medium
13,High
14,High
15,Medium
16,High
17,High
18,High
19,High
20,High
21,High
22,High
23,High
24,High
25,Low
26,Low
27,High
28,High
29,High
30,Medium
31,High
32,High
33,High
34,High
35,High
36,High
37,High
38,Low
39,Low
40,Medium
41,High
42,High
43,High
44,High
45,High
46,High
47,High
48,High
49,High
50,High
51,High
52,High
53,High
54,Medium
55,High
56,High
57,Low
58,High
59,Medium
60,High
61,High
62,High
63,High
64,High
65,Low
66,High
67,Low
68,High
69,High
70,High
71,High
72,High
73,High
74,Medium
75,High
76,High
77,High
78,High
79,High
80,High
81,High
82,High
83,High
84,High
85,High
86,High
87,High
88,Low
89,High
90,High
91,High
92,High
93,High
94,High
95,High
96,High
97,Medium
98,High
99,High
100,High
101,High
102,High
103,High
104,High
105,High
106,High
107,High
108,High
109,Low
110,Low
111,High
112,High
113,High
114,Low
115,High
116,High
117,High
118,High
119,High
120,High
121,High
122,High
123,High
124,High
125,High
126,Medium
127,High
128,High
129,High
130,Low
131,High
132,High
133,High
134,High
135,High
136,High
137,High
138,High
139,High
140,High
141,High
142,Low
143,High
144,High
145,Medium
146,High
147,High
148,Low
149,High
150,High
151,High
152,High
153,High
154,High
155,Medium
156,High
157,High
158,Low
159,Low
160,High
161,Low
162,High
163,High
164,Low
165,High
166,High
167,High
168,High
169,High
170,High
171,High
172,High
173,High
174,Medium
175,Medium
176,High
177,Medium
178,High
179,Low
180,High
181,High
182,Medium
183,High
184,High
185,High
186,High
187,High
188,High
189,High
190,High
191,High
192,High
193,High
194,High
195,Low
196,High
197,High
198,High
199,High
200,High
201,High
202,High
203,Low
204,Low
205,High
206,High
207,Medium
208,High
209,High
210,High
211,High
212,Medium
213,High
214,High
215,High
216,High
217,High
218,High
219,High
220,High
221,High
222,High
223,High
224,High
225,High
226,Low
227,High
228,Low
229,High
230,High
231,Low
232,High
233,Low
234,High
235,Medium
236,High
237,High
238,High
239,High
240,High
241,Low
242,Medium
243,High
244,High
245,High
246,Medium
247,High
248,High
249,High
250,High
251,High
252,High
253,High
254,Low
255,High
256,High
257,High
258,High
259,Medium
260,High
261,Low
262,High
263,High
264,High
265,Low
266,High
267,Low
268,Low
269,Low
270,High
271,High
272,Low
273,High
274,High
275,Low
276,High
277,High
278,High
279,High
280,High
281,High
282,High
283,High
284,High
285,High
286,High
287,Low
288,High
289,High
290,High
291,High
292,Low
293,Medium
294,High
295,High
296,Low
297,Low
298,High
299,High
300,High
301,High
302,High
303,High
304,Low
305,High
306,High
307,High
308,High
309,High
310,High
311,Medium
312,Low
313,High
314,High
315,High
316,Low
317,High
318,High
319,High
320,High
321,High
322,Low
323,High
324,High
325,High
326,Low
327,High
328,High
329,High
330,High
331,High
332,Medium
333,Low
334,High
335,High
336,High
337,Low
338,High
339,High
340,Medium
341,High
342,High
343,High
344,High
345,High
346,High
347,High
348,Low
349,High
350,High
351,High
352,High
353,High
354,Medium
355,High
356,High
357,High
358,Low
359,High
360,Low
361,High
362,Medium
363,High
364,High
365,High
366,High
367,High
368,High
369,High
370,High
371,High
372,High
373,Low
374,High
375,High
376,High
377,High
378,High
379,High
380,Low
381,High
382,High
383,High
384,Medium
385,High
386,High
387,Low
388,High
389,Low
390,High
391,High
392,High
393,High
394,High
395,High
396,High
397,High
398,High
399,High
400,High
401,Medium
402,High
403,High
404,High
405,High
406,High
407,High
408,High
409,Low
410,High
411,High
412,Low
413,High
414,High
415,High
416,High
417,High
418,High
419,High
420,High
421,High
422,High
423,High
424,High
425,Low
426,High
427,Low
428,High
429,High
430,High
431,High
432,High
433,Medium
434,High
435,High
436,High
437,Medium
438,High
439,High
440,High
441,Low
442,High
443,Low
444,High
445,High
446,Low
447,Low
448,High
449,High
450,High
451,High
452,High
453,High
454,High
455,Medium
456,High
457,Low
458,High
459,High
460,High
461,High
462,High
463,High
464,High
465,High
466,High
467,Low
468,High
469,Low
470,High
471,Low
472,Medium
473,Medium
474,High
475,High
476,High
477,High
478,High
479,High
480,High
481,High
482,High
483,High
484,Medium
485,Low
486,High
487,High
488,High
489,Low
490,High
491,High
492,Low
493,High
494,High
495,High
496,High
497,High
498,High
499,High
500,High
501,High
502,High
503,High
504,High
505,High
506,High
507,High
508,High
509,High
510,High
511,High
512,High
513,High
514,High
515,High
516,High
517,High
518,High
519,High
520,Low
521,High
522,Low
523,High
524,Low
525,High
526,High
527,High
528,High
529,High
530,High
531,High
532,High
533,High
534,High
535,High
536,High
537,High
538,Low
539,High
540,High
541,High
542,High
543,High
544,High
545,High
546,High
547,Low
548,Low
549,High
550,High
551,High
552,Low
553,Low
554,Low
555,High
556,High
557,High
558,High
559,Medium
560,High
561,High
562,High
563,Low
564,High
565,High
566,Low
567,High
568,Low
569,Medium
570,High
571,High
572,Low
573,High
574,High
575,Low
576,High
577,Medium
578,High
579,Medium
580,High
581,High
582,High
583,High
584,High
585,High
586,High
587,High
588,Medium
589,High
590,Low
591,High
592,High
593,High
594,Medium
595,High
596,High
597,High
598,High
599,High
600,Low
601,High
602,High
603,High
604,High
605,High
606,High
607,High
608,High
609,High
610,High
611,High
612,High
613,High
614,Low
615,High
616,High
617,High
618,High
619,High
620,High
621,High
622,High
623,Low
624,High
625,High
626,Low
627,High
628,High
629,High
630,High
631,High
632,High
633,Low
634,High
635,Medium
636,Medium
637,High
638,High
639,High
640,High
641,High
642,High
643,High
644,High
645,High
646,High
647,High
648,High
649,High
650,Low
651,Medium
652,High
653,High
654,High
655,High
656,High
657,High
658,High
659,Low
660,High
661,High
662,Low
663,High
664,Low
665,High
666,High
667,Low
668,High
669,High
670,High
671,High
672,Low
673,Medium
674,High
675,High
676,High
677,High
678,High
679,High
680,Low
681,High
682,High
683,High
684,Low
685,High
686,High
687,High
688,High
689,High
690,High
691,High
692,Medium
693,High
694,Low
695,High
696,High
697,High
698,High
699,High
700,High
701,High
702,High
703,High
704,Low
705,Low
706,High
707,High
708,High
709,High
710,High
711,Low
712,Low
713,Low
714,High
715,High
716,High
717,High
718,Low
719,High
720,High
721,High
722,High
723,High
724,High
725,High
726,High
727,High
728,Low
729,Low
730,Low
731,High
732,High
733,Low
734,High
735,High
736,High
737,Low
738,Low
739,Low
740,High
741,Low
742,High
743,Low
744,Low
745,High
746,Medium
747,High
748,High
749,High
750,High
751,High
752,High
753,High
754,High
755,Low
756,High
757,High
758,High
759,High
760,Low
761,High
762,High
763,High
764,High
765,High
766,Medium
767,High
768,Medium
769,High
770,High
771,High
772,High
773,High
774,High
775,High
776,High
777,Medium
778,High
779,High
780,High
781,Medium
782,High
783,High
784,High
785,Low
786,Low
787,High
788,High
789,High
790,High
791,High
792,High
793,High
794,High
795,High
796,High
797,High
798,High
799,High
800,High
801,High
802,High
803,Low
804,High
805,High
806,High
807,High
808,Low
809,High
810,High
811,High
812,High
813,Medium
814,High
815,High
816,Medium
817,Low
818,High
819,Low
820,High
821,High
822,Low
823,High
824,High
825,Low
826,High
827,Medium
828,High
829,Low
830,High
831,High
832,High
833,High
834,High
835,Medium
836,High
837,High
838,High
839,High
840,High
841,Medium
842,High
843,High
844,High
845,High
846,High
847,High
848,High
849,Low
850,High
851,High
852,High
853,High
854,High
855,High
856,Low
857,High
858,High
859,High
860,High
861,High
862,High
863,High
864,High
865,Low
866,High
867,High
868,High
869,High
870,High
871,High
872,High
873,High
874,Medium
875,High
876,High
877,High
878,High
879,High
880,Low
881,Low
882,High
883,High
884,Low
885,High
886,Low
887,High
888,High
889,High
890,High
891,Medium
892,High
893,High
894,High
895,High
896,High
897,High
898,High
899,High
900,Medium
901,Medium
902,High
903,High
904,Medium
905,High
906,Low
907,Low
908,High
909,High
910,High
911,High
912,Low
913,High
914,Low
915,Low
916,High
917,High
918,High
919,High
920,High
921,High
922,High
923,High
924,Low
925,High
926,High
927,High
928,High
929,Low
930,High
931,High
932,High
933,High
934,High
935,High
936,High
937,High
938,High
939,High
940,High
941,High
942,High
943,High
944,Medium
945,High
946,High
947,High
948,High
949,High
950,High
951,High
952,High
953,High
954,High
955,High
956,High
957,Low
958,Low
959,High
960,High
961,High
962,High
963,High
964,High
965,High
966,High
967,Medium
968,High
969,High
970,High
971,High
972,High
973,High
974,Low
975,Low
976,High
977,High
978,High
979,High
980,Low
981,Low
982,Low
983,High
984,High
985,Medium
986,Low
987,High
988,High
989,Low
990,High
991,High
992,Low
993,High
994,High
995,High
996,High
997,Low
998,High
999,High
1000,Low
1001,High
1002,High
1003,High
1004,High
1005,High
1006,High
1007,High
1008,High
1009,High
1010,High
1011,High
1012,High
1013,High
1014,High
1015,High
1016,Low
1017,High
1018,Low
1019,Medium
1020,Low
1021,High
1022,High
1023,Low
1024,Low
1025,High
1026,High
1027,High
1028,High
1029,High
1030,Low
1031,High
1032,High
1033,High
1034,High
1035,High
1036,High
1037,High
1038,High
1039,High
1040,High
1041,High
1042,High
1043,Low
1044,High
1045,High
1046,High
1047,High
1048,High
1049,High
1050,High
1051,Low
1052,High
1053,High
1054,High
1055,High
1056,High
1057,High
1058,High
1059,Low
1060,High
1061,High
1062,Medium
1063,Low
1064,High
1065,High
1066,Low
1067,High
1068,High
1069,High
1070,High
1071,Low
1072,High
1073,Low
1074,Low
1075,High
1076,High
1077,High
1078,High
1079,Low
1080,High
1081,High
1082,High
1083,High
1084,Low
1085,High
1086,High
1087,High
1088,Low
1089,High
1090,High
1091,High
1092,High
1093,High
1094,Low
1095,Medium
1096,Low
1097,High
1098,High
1099,High
1100,High
1101,High
1102,High
1103,Low
1104,High
1105,High
1106,High
1107,High
1108,Medium
1109,Low
1110,High
1111,High
1112,High
1113,Medium
1114,High
1115,High
1116,High
1117,Low
1118,High
1119,High
1120,High
1121,High
1122,High
1123,High
1124,High
1125,High
1126,High
1127,High
1128,High
1129,High
1130,Low
1131,High
1132,Low
1133,Low
1134,Low
1135,Low
1136,High
1137,High
1138,High
1139,Low
1140,High
1141,High
1142,Low
1143,High
1144,High
1145,Low
1146,High
1147,High
1148,Low
1149,Low
1150,High
1151,High
1152,High
1153,High
1154,Low
1155,High
1156,Low
1157,High
1158,Low
1159,High
1160,High
1161,Low
1162,High
1163,High
1164,High
1165,High
1166,Low
1167,High
1168,High
1169,High
1170,Low
1171,High
1172,High
1173,High
1174,High
1175,High
1176,High
1177,High
1178,High
1179,High
1180,Low
1181,High
1182,High
1183,High
1184,High
1185,High
1186,High
1187,High
1188,High
1189,High
1190,High
1191,High
1192,High
1193,Medium
1194,High
1195,High
1196,High
1197,High
1198,Low
1199,Medium
1200,Low
1201,High
1202,Low
1203,High
1204,Low
1205,High
1206,High
1207,High
1208,High
1209,High
1210,High
1211,High
1212,High
1213,High
1214,High
1215,High
1216,High
1217,High
1218,Low
1219,High
1220,High
1221,High
1222,High
1223,High
1224,High
1225,Medium
1226,Medium
1227,High
1228,High
1229,High
1230,High
1231,High
1232,High
1233,High
1234,High
1235,High
1236,Medium
1237,High
1238,High
1239,Low
1240,High
1241,High
1242,High
1243,High
1244,High
1245,High
1246,High
1247,High
1248,High
1249,Medium
1250,Low
1251,High
1252,Low
1253,High
1254,High
1255,High
1256,High
1257,Low
1258,High
1259,High
1260,Low
1261,High
1262,High
1263,High
1264,High
1265,High
1266,High
1267,Low
1268,High
1269,High
1270,Medium
1271,Low
1272,High
1273,High
1274,High
1275,High
1276,High
1277,High
1278,High
1279,High
1280,High
1281,High
1282,High
1283,High
1284,High
1285,High
1286,High
1287,Medium
1288,High
1289,High
1290,High
1291,Low
1292,High
1293,Low
1294,Medium
1295,Medium
1296,High
1297,High
1298,Low
1299,High
1300,Low
1301,High
1302,High
1303,High
1304,High
1305,Medium
1306,High
1307,High
1308,High
1309,High
1310,High
1311,High
1312,High
1313,High
1314,High
1315,High
1316,High
1317,High
1318,High
1319,High
1320,High
1321,High
1322,High
1323,High
1324,Low
1325,High
1326,High
1327,Medium
1328,High
1329,High
1330,Low
1331,High
1332,High
1333,Low
1334,High
1335,High
1336,High
1337,High
1338,Low
1339,Medium
1340,Medium
1341,High
1342,High
1343,High
1344,High
1345,High
1346,Low
1347,High
1348,High
1349,High
1350,High
1351,High
1352,High
1353,High
1354,Low
1355,High
1356,High
1357,Low
1358,High
1359,High
1360,High
1361,High
1362,Low
1363,Low
1364,Low
1365,High
1366,High
1367,Low
1368,Low
1369,Low
1370,Medium
1371,High
1372,High
1373,Medium
1374,High
1375,High
1376,High
1377,High
1378,High
1379,High
1380,Low
1381,Low
1382,High
1383,High
1384,High
1385,High
1386,Low
1387,High
1388,High
1389,High
1390,High
1391,Medium
1392,High
1393,High
1394,High
1395,Medium
1396,High
1397,High
1398,Low
1399,High
1400,High
1401,High
1402,High
1403,High
1404,High
1405,High
1406,High
1407,High
1408,High
1409,High
1410,High
1411,High
1412,Medium
1413,High
1414,High
1415,High
1416,High
1417,High
1418,High
1419,High
1420,Low
1421,High
1422,Low
1423,High
1424,High
1425,High
1426,High
1427,High
1428,High
1429,Low
1430,High
1431,High
1432,High
1433,High
1434,High
1435,Low
1436,High
1437,High
1438,High
1439,High
1440,High
1441,High
1442,High
1443,High
1444,High
1445,High
1446,High
1447,High
1448,High
1449,High
1450,Low
1451,Low
1452,High
1453,Low
1454,High
1455,Low
1456,Low
1457,Low
1458,Low
1459,Low
1460,High
1461,Low
1462,High
1463,Low
1464,High
1465,High
1466,High
1467,Low
1468,High
1469,High
1470,High
1471,High
1472,High
1473,Medium
1474,High
1475,High
1476,Medium
1477,High
1478,High
1479,High
1480,High
1481,High
1482,High
1483,High
1484,High
1485,Medium
1486,High
1487,High
1488,High
1489,High
1490,High
1491,Medium
1492,High
1493,High
1494,High
1495,Low
1496,Medium
1497,High
1498,High
1499,High
1500,High
1501,High
1502,High
1503,High
1504,High
1505,High
1506,High
1507,Low
1508,High
1509,High
1510,Low
1511,High
1512,High
1513,Low
1514,Low
1515,Low
1516,High
1517,High
1518,High
1519,High
1520,High
1521,High
1522,Low
1523,High
1524,Medium
1525,High
1526,Low
1527,High
1528,High
1529,High
1530,High
1531,High
1532,High
1533,High
1534,High
1535,Medium
1536,Medium
1537,High
1538,High
1539,Low
1540,High
1541,High
1542,High
1543,High
1544,High
1545,Low
1546,Medium
1547,Medium
1548,High
1549,High
1550,High
1551,High
1552,High
1553,High
1554,High
1555,High
1556,High
1557,High
1558,High
1559,High
1560,High
1561,High
1562,Low
1563,High
1564,High
1565,High
1566,High
1567,High
1568,Low
1569,High
1570,High
1571,High
1572,High
1573,Medium
1574,High
1575,High
1576,High
1577,High
1578,High
1579,High
1580,High
1581,High
1582,High
1583,High
1584,High
1585,High
1586,High
1587,High
1588,High
1589,High
1590,Low
1591,High
1592,High
1593,Low
1594,Low
1595,High
1596,High
1597,High
1598,High
1599,High
1600,Medium
1601,High
1602,High
1603,Low
1604,High
1605,High
1606,High
1607,Low
1608,Low
1609,High
1610,Low
1611,High
1612,High
1613,High
1614,High
1615,High
1616,High
1617,High
1618,High
1619,High
1620,High
1621,High
1622,High
1623,High
1624,High
1625,High
1626,High
1627,High
1628,Low
1629,High
1630,High
1631,Low
1632,Low
1633,High
1634,High
1635,Low
1636,High
1637,High
1638,High
1639,High
1640,High
1641,High
1642,High
1643,High
1644,High
1645,High
1646,High
1647,High
1648,Low
1649,High
1650,High
1651,High
1652,Low
1653,High
1654,High
1655,Low
1656,Medium
1657,High
1658,High
1659,High
1660,High
1661,High
1662,High
1663,High
1664,High
1665,High
1666,High
1667,Low
1668,High
1669,Medium
1670,High
1671,High
1672,High
1673,High
1674,High
1675,High
1676,High
1677,Low
1678,High
1679,High
1680,High
1681,High
1682,High
1683,High
1684,High
1685,Low
1686,Low
1687,High
1688,High
1689,High
1690,High
1691,High
1692,High
1693,High
1694,High
1695,Low
1696,High
1697,High
1698,High
1699,High
1700,High
1701,High
1702,High
1703,High
1704,High
1705,High
1706,High
1707,High
1708,Low
1709,High
1710,High
1711,Medium
1712,Low
1713,High
1714,High
1715,High
1716,Low
1717,High
1718,High
1719,High
1720,High
1721,High
1722,High
1723,Low
1724,High
1725,High
1726,Low
1727,High
1728,High
1729,High
1730,High
1731,High
1732,High
1733,High
1734,High
1735,High
1736,High
1737,High
1738,High
1739,High
1740,High
1741,High
1742,High
1743,High
1744,High
1745,High
1746,High
1747,High
1748,High
1749,High
1750,Low
1751,High
1752,High
1753,High
1754,Low
1755,High
1756,High
1757,High
1758,Low
1759,High
1760,High
1761,High
1762,High
1763,Low
1764,High
1765,Low
1766,High
1767,High
1768,High
1769,High
1770,High
1771,High
1772,Medium
1773,High
1774,Low
1775,High
1776,High
1777,High
1778,High
1779,High
1780,High
1781,High
1782,High
1783,Low
1784,Low
1785,High
1786,High
1787,Low
1788,High
1789,Low
1790,Low
1791,High
1792,High
1793,High
1794,High
1795,High
1796,High
1797,High
1798,High
1799,High
1800,High
1801,High
1802,High
1803,High
1804,High
1805,High
1806,High
1807,High
1808,Low
1809,High
1810,High
1811,High
1812,High
1813,High
1814,High
1815,High
1816,High
1817,High
1818,High
1819,High
1820,Low
1821,High
1822,High
1823,High
1824,High
1825,High
1826,High
1827,High
1828,High
1829,High
1830,High
1831,Low
1832,High
1833,High
1834,High
1835,High
1836,High
1837,High
1838,Low
1839,High
1840,High
1841,Low
1842,Low
1843,High
1844,High
1845,High
1846,High
1847,Medium
1848,High
1849,High
1850,High
1851,Low
1852,High
1853,High
1854,High
1855,High
1856,Low
1857,Low
1858,High
1859,Medium
1860,High
1861,Low
1862,High
1863,Low
1864,High
1865,High
1866,High
1867,High
1868,High
1869,Medium
1870,High
1871,High
1872,High
1873,Low
1874,Low
1875,High
1876,Low
1877,High
1878,High
1879,Low
1880,High
1881,High
1882,Low
1883,High
1884,High
1885,High
1886,High
1887,Low
1888,Low
1889,High
1890,High
1891,High
1892,High
1893,High
1894,Low
1895,High
1896,High
1897,High
1898,High
1899,High
1900,Low
1901,High
1902,High
1903,High
1904,High
1905,High
1906,Low
1907,High
1908,High
1909,High
1910,High
1911,High
1912,Low
1913,High
1914,Low
1915,High
1916,High
1917,High
1918,High
1919,High
1920,High
1921,High
1922,High
1923,High
1924,High
1925,High
1926,High
1927,High
1928,Low
1929,High
1930,High
1931,High
1932,High
1933,Low
1934,High
1935,High
1936,High
1937,High
1938,High
1939,Low
1940,Medium
1941,High
1942,High
1943,High
1944,High
1945,High
1946,High
1947,High
1948,High
1949,High
1950,Medium
1951,High
1952,High
1953,High
1954,High
1955,Medium
1956,High
1957,Low
1958,High
1959,High
1960,Medium
1961,High
1962,High
1963,High
1964,High
1965,High
1966,High
1967,High
1968,High
1969,High
1970,High
1971,Medium
1972,High
1973,Medium
1974,High
1975,Low
1976,High
1977,High
1978,High
1979,Low
1980,High
1981,High
1982,Low
1983,High
1984,Low
1985,High
1986,High
1987,High
1988,High
1989,High
1990,Low
1991,Low
1992,Low
1993,High
1994,High
1995,Low
1996,High
1997,Low
1998,High
1999,High
2000,High
2001,High
2002,High
2003,High
2004,Medium
2005,High
2006,High
2007,High
2008,Medium
2009,High
2010,High
2011,High
2012,High
2013,High
2014,High
2015,High
2016,Low
2017,High
2018,High
2019,High
2020,High
2021,Medium
2022,High
2023,High
2024,High
2025,High
2026,High
2027,High
2028,High
2029,High
2030,High
2031,High
2032,High
2033,High
2034,High
2035,High
2036,High
2037,High
2038,Low
2039,High
2040,High
2041,High
2042,High
2043,High
2044,High
2045,High
2046,High
2047,Medium
2048,High
2049,High
2050,Low
2051,Medium
2052,High
2053,High
2054,High
2055,High
2056,Low
2057,Low
2058,High
2059,High
2060,High
2061,High
2062,Low
2063,High
2064,Low
2065,Low
2066,High
2067,Medium
2068,High
2069,High
2070,High
2071,High
2072,High
2073,High
2074,High
2075,High
2076,High
2077,High
2078,High
2079,High
2080,High
2081,High
2082,High
2083,High
2084,High
2085,High
2086,High
2087,High
2088,High
2089,High
2090,High
2091,High
2092,Low
2093,High
2094,High
2095,High
2096,High
2097,High
2098,Medium
2099,High
2100,High
2101,High
2102,High
2103,High
2104,High
2105,High
2106,High
2107,Low
2108,High
2109,High
2110,High
2111,High
2112,Low
2113,High
2114,High
2115,Low
2116,High
2117,High
2118,High
2119,High
2120,Low
2121,High
2122,Low
2123,High
2124,High
2125,High
2126,Medium
2127,High
2128,Low
2129,Low
2130,High
2131,High
2132,High
2133,High
2134,Medium
2135,Low
2136,High
2137,High
2138,Low
2139,High
2140,High
2141,Low
2142,Low
2143,High
2144,Low
2145,High
2146,High
2147,High
2148,High
2149,High
2150,Low
2151,High
2152,High
2153,High
2154,High
2155,High
2156,Low
2157,Medium
2158,High
2159,Low
2160,Low
2161,High
2162,High
2163,High
2164,High
2165,High
2166,High
2167,Low
2168,High
2169,High
2170,High
2171,High
2172,High
2173,Medium
2174,High
2175,High
2176,High
2177,Low
2178,High
2179,High
2180,High
2181,High
2182,High
2183,High
2184,High
2185,High
2186,High
2187,High
2188,High
2189,High
2190,Low
2191,High
2192,Low
2193,High
2194,High
2195,Low
2196,High
2197,High
2198,High
2199,High
2200,High
2201,High
2202,High
2203,High
2204,High
2205,High
2206,High
2207,High
2208,High
2209,High
2210,High
2211,High
2212,High
2213,High
2214,High
2215,High
2216,High
2217,Medium
2218,Low
2219,High
2220,High
2221,Low
2222,Low
2223,High
2224,High
2225,High
2226,High
2227,High
2228,Medium
2229,High
2230,High
2231,High
2232,High
2233,Low
2234,High
2235,High
2236,High
2237,High
2238,High
2239,Medium
2240,High
2241,High
2242,High
2243,High
2244,High
2245,High
2246,High
2247,High
2248,High
2249,High
2250,High
2251,High
2252,Low
2253,High
2254,High
2255,High
2256,High
2257,High
2258,High
2259,High
2260,High
2261,High
2262,Medium
2263,Low
2264,High
2265,High
2266,High
2267,Low
2268,High
2269,High
2270,High
2271,Low
2272,High
2273,High
2274,High
2275,High
2276,Low
2277,High
2278,High
2279,High
2280,Low
2281,Low
2282,High
2283,High
2284,High
2285,High
2286,High
2287,Low
2288,High
2289,High
2290,High
2291,High
2292,High
2293,High
2294,High
2295,High
2296,High
2297,Medium
2298,High
2299,High
2300,Medium
2301,Medium
2302,High
2303,High
2304,High
2305,High
2306,High
2307,High
2308,High
2309,High
2310,High
2311,High
2312,High
2313,High
2314,High
2315,Low
2316,High
2317,High
2318,High
2319,High
2320,Low
2321,High
2322,High
2323,High
2324,High
2325,High
2326,High
2327,High
2328,High
2329,High
2330,Low
2331,High
2332,High
2333,High
2334,Low
2335,Low
2336,High
2337,High
2338,Low
2339,High
2340,High
2341,High
2342,Low
2343,Low
2344,High
2345,High
2346,Low
2347,High
2348,High
2349,Medium
2350,High
2351,High
2352,High
2353,Low
2354,High
2355,High
2356,High
2357,High
2358,High
2359,High
2360,High
2361,High
2362,High
2363,High
2364,High
2365,Low
2366,High
2367,High
2368,High
2369,High
2370,High
2371,High
2372,High
2373,High
2374,High
2375,High
2376,High
2377,High
2378,High
2379,Medium
2380,High
2381,High
2382,Medium
2383,High
2384,High
2385,Medium
2386,Low
2387,High
2388,High
2389,High
2390,High
2391,High
2392,High
2393,High
2394,High
2395,High
2396,High
2397,Low
2398,High
2399,High
2400,Low
2401,High
2402,High
2403,High
2404,High
2405,High
2406,High
2407,High
2408,High
2409,High
2410,Low
2411,Medium
2412,Low
2413,High
2414,High
2415,High
2416,High
2417,High
2418,Low
2419,High
2420,High
2421,High
2422,High
2423,High
2424,Medium
2425,High
2426,High
2427,High
2428,High
2429,High
2430,Low
2431,High
2432,High
2433,High
2434,High
2435,Medium
2436,High
2437,High
2438,High
2439,Low
2440,High
2441,High
2442,High
2443,Medium
2444,High
2445,High
2446,Low
2447,High
2448,High
2449,High
2450,High
2451,High
2452,Low
2453,Low
2454,High
2455,High
2456,High
2457,High
2458,High
2459,High
2460,High
2461,High
2462,High
2463,High
2464,High
2465,High
2466,High
2467,Low
2468,High
2469,High
2470,High
2471,High
2472,High
2473,High
2474,High
2475,High
2476,High
2477,High
2478,High
2479,High
2480,High
2481,High
2482,High
2483,High
2484,Low
2485,High
2486,High
2487,High
2488,High
2489,High
2490,High
2491,Medium
2492,High
2493,Medium
2494,Low
2495,High
2496,High
2497,High
2498,High
2499,High
2500,High
2501,High
2502,Low
2503,High
2504,High
2505,High
2506,Medium
2507,Low
2508,High
2509,High
2510,Low
2511,High
2512,High
2513,High
2514,Low
2515,High
2516,High
2517,High
2518,High
2519,High
2520,High
2521,High
2522,High
2523,High
2524,High
2525,High
2526,Low
2527,High
2528,High
2529,Low
2530,Medium
2531,High
2532,High
2533,High
2534,Medium
2535,High
2536,High
2537,Low
2538,High
2539,Low
2540,High
2541,High
2542,Low
2543,High
2544,Medium
2545,High
2546,Medium
2547,Low
2548,Low
2549,Low
2550,High
2551,High
2552,High
2553,High
2554,High
2555,High
2556,High
2557,High
2558,High
2559,High
2560,High
2561,High
2562,Medium
2563,High
2564,High
2565,Low
2566,High
2567,High
2568,High
2569,High
2570,High
2571,High
2572,Medium
2573,High
2574,High
2575,High
2576,Low
2577,Medium
2578,High
2579,High
2580,High
2581,High
2582,High
2583,High
2584,High
2585,Medium
2586,High
2587,High
2588,High
2589,High
2590,High
2591,Medium
2592,High
2593,High
2594,High
2595,High
2596,High
2597,High
2598,High
2599,High
2600,High
2601,High
2602,High
2603,High
2604,High
2605,High
2606,Low
2607,High
2608,Medium
2609,High
2610,High
2611,High
2612,High
2613,High
2614,High
2615,High
2616,High
2617,High
2618,High
2619,High
2620,Medium
2621,High
2622,High
2623,High
2624,High
2625,High
2626,High
2627,High
2628,Low
2629,High
2630,High
2631,High
2632,High
2633,Low
2634,High
2635,High
2636,High
2637,High
2638,High
2639,High
2640,High
2641,Low
2642,High
2643,High
2644,High
2645,Low
2646,High
2647,Low
2648,High
2649,High
2650,High
2651,High
2652,High
2653,High
2654,High
2655,High
2656,High
2657,Low
2658,High
2659,High
2660,High
2661,High
2662,High
2663,High
2664,High
2665,High
2666,High
2667,High
2668,High
2669,High
2670,High
2671,High
2672,High
2673,High
2674,High
2675,High
2676,High
2677,Medium
2678,High
2679,High
2680,High
2681,High
2682,High
2683,High
2684,High
2685,Low
2686,High
2687,High
2688,High
2689,Medium
2690,High
2691,Medium
2692,High
2693,High
2694,High
2695,Low
2696,High
2697,High
2698,Medium
2699,High
2700,High
2701,High
2702,Low
2703,Medium
2704,High
2705,Low
2706,High
2707,High
2708,High
2709,High
2710,High
2711,High
2712,High
2713,High
2714,Low
2715,High
2716,Low
2717,High
2718,High
2719,Low
2720,High
2721,High
2722,High
2723,High
2724,High
2725,High
2726,High
2727,High
2728,High
2729,High
2730,High
2731,High
2732,High
2733,High
2734,Low
2735,High
2736,High
2737,High
2738,High
2739,High
2740,High
2741,High
2742,High
2743,High
2744,High
2745,High
2746,Low
2747,High
2748,Low
2749,High
2750,High
2751,High
2752,High
2753,High
2754,High
2755,High
2756,High
2757,High
2758,Low
2759,High
2760,High
2761,High
2762,High
2763,High
2764,Low
2765,High
2766,High
2767,High
2768,Low
2769,High
2770,Low
2771,High
2772,Low
2773,High
2774,High
2775,High
2776,High
2777,High
2778,High
2779,High
2780,High
2781,High
2782,High
2783,High
2784,High
2785,High
2786,Low
2787,High
2788,High
2789,High
2790,Medium
2791,High
2792,High
2793,High
2794,High
2795,Medium
2796,High
2797,High
2798,High
2799,High
2800,High
2801,Medium
2802,Medium
2803,High
2804,High
2805,High
2806,High
2807,High
2808,High
2809,High
2810,Low
2811,High
2812,Medium
2813,High
2814,Medium
2815,High
2816,High
2817,High
2818,High
2819,Medium
2820,High
2821,High
2822,Low
2823,Low
2824,High
2825,High
2826,Medium
2827,High
2828,High
2829,High
2830,Low
2831,Low
2832,High
2833,High
2834,Medium
2835,High
2836,High
2837,High
2838,High
2839,Low
2840,High
2841,High
2842,High
2843,High
2844,High
2845,Low
2846,Low
2847,High
2848,Low
2849,High
2850,Medium
2851,Low
2852,High
2853,High
2854,High
2855,High
2856,High
2857,High
2858,High
2859,High
2860,High
2861,High
2862,High
2863,High
2864,Low
2865,High
2866,High
2867,Low
2868,High
2869,Medium
2870,Low
2871,High
2872,High
2873,High
2874,Low
2875,High
2876,High
2877,High
2878,High
2879,High
2880,High
2881,High
2882,Low
2883,Low
2884,Low
2885,High
2886,High
2887,High
2888,High
2889,Low
2890,High
2891,Low
2892,High
2893,Low
2894,High
2895,High
2896,High
2897,Low
2898,High
2899,High
2900,Low
2901,Low
2902,High
2903,High
2904,High
2905,High
2906,High
2907,Medium
2908,Low
2909,High
2910,High
2911,High
2912,High
2913,High
2914,High
2915,High
2916,High
2917,High
2918,High
2919,High
2920,High
2921,High
2922,High
2923,High
2924,High
2925,High
2926,High
2927,Medium
2928,High
2929,High
2930,High
2931,High
2932,High
2933,Low
2934,High
2935,High
2936,High
2937,High
2938,Low
2939,High
2940,High
2941,High
2942,High
2943,High
2944,High
2945,Low
2946,High
2947,Low
2948,High
2949,High
2950,Low
2951,High
2952,High
2953,High
2954,High
2955,High
2956,Low
2957,High
2958,High
2959,High
2960,High
2961,High
2962,High
2963,Low
2964,High
2965,High
2966,Low
2967,High
2968,High
2969,Low
2970,Low
2971,High
2972,High
2973,High
2974,High
2975,High
2976,High
2977,High
2978,High
2979,Low
2980,Low
2981,High
2982,High
2983,High
2984,High
2985,High
2986,High
2987,High
2988,High
2989,Low
2990,High
2991,High
2992,High
2993,High
2994,High
2995,Low
2996,High
2997,High
2998,High
2999,High
3000,High
3001,High
3002,Medium
3003,High
3004,High
3005,High
3006,High
3007,High
3008,High
3009,Low
3010,High
3011,High
3012,High
3013,High
3014,High
3015,Low
3016,Low
3017,High
3018,High
3019,High
3020,Medium
3021,High
3022,High
3023,High
3024,Low
3025,High
3026,High
3027,Medium
3028,High
3029,High
3030,High
3031,High
3032,High
3033,High
3034,High
3035,High
3036,High
3037,High
3038,High
3039,High
3040,High
3041,High
3042,High
3043,High
3044,High
3045,High
3046,Low
3047,Low
3048,High
3049,High
3050,High
3051,High
3052,High
3053,High
3054,High
3055,High
3056,High
3057,High
3058,High
3059,High
3060,High
3061,Low
3062,High
3063,Low
3064,High
3065,High
3066,High
3067,High
3068,High
3069,Low
3070,High
3071,High
3072,Low
3073,Low
3074,High
3075,High
3076,High
3077,High
3078,High
3079,High
3080,High
3081,High
3082,High
3083,High
3084,High
3085,High
3086,High
3087,Medium
3088,High
3089,High
3090,Low
3091,High
3092,High
3093,High
3094,High
3095,High
3096,High
3097,Low
3098,High
3099,High
3100,High
3101,High
3102,High
3103,High
3104,High
3105,High
3106,High
3107,High
3108,High
3109,High
3110,High
3111,High
3112,Low
3113,High
3114,High
3115,High
3116,High
3117,High
3118,High
3119,High
3120,Low
3121,High
3122,High
3123,High
3124,High
3125,High
3126,High
3127,High
3128,High
3129,High
3130,Low
3131,High
3132,High
3133,Low
3134,High
3135,High
3136,High
3137,High
3138,Low
3139,High
3140,High
3141,High
3142,High
3143,High
3144,High
3145,High
3146,High
3147,High
3148,High
3149,High
3150,High
3151,High
3152,High
3153,High
3154,High
3155,High
3156,High
3157,High
3158,High
3159,High
3160,High
3161,High
3162,High
3163,High
3164,Low
3165,High
3166,High
3167,High
3168,High
3169,High
3170,High
3171,Low
3172,High
3173,High
3174,High
3175,High
3176,High
3177,Low
3178,Low
3179,High
3180,High
3181,High
3182,Low
3183,High
3184,High
3185,High
3186,High
3187,High
3188,High
3189,High
3190,Low
3191,High
3192,Low
3193,Low
3194,Low
3195,High
3196,High
3197,High
3198,High
3199,High
3200,Medium
3201,High
3202,High
3203,High
3204,High
3205,High
3206,High
3207,High
3208,High
3209,Low
3210,High
3211,Medium
3212,High
3213,High
3214,Low
3215,High
3216,Low
3217,Low
3218,High
3219,High
3220,High
3221,High
3222,Low
3223,High
3224,High
3225,High
3226,High
3227,High
3228,High
3229,High
3230,High
3231,High
3232,High
3233,High
3234,Low
3235,High
3236,High
3237,High
3238,High
3239,Medium
3240,Low
3241,High
3242,Low
3243,High
3244,Low
3245,Low
3246,High
3247,High
3248,High
3249,Low
3250,High
3251,High
3252,High
3253,High
3254,High
3255,Low
3256,High
3257,High
3258,High
3259,Low
3260,High
3261,High
3262,Low
3263,High
3264,High
3265,Low
3266,High
3267,High
3268,Low
3269,High
3270,High
3271,High
3272,High
3273,High
3274,High
3275,High
3276,High
3277,High
3278,High
3279,High
3280,High
3281,Low
3282,High
3283,High
3284,Low
3285,High
3286,High
3287,Medium
3288,High
3289,Medium
3290,High
3291,High
3292,High
3293,High
3294,High
3295,High
3296,High
3297,High
3298,Medium
3299,High
3300,Low
3301,Low
3302,High
3303,High
3304,High
3305,High
3306,High
3307,High
3308,High
3309,High
3310,Low
3311,Low
3312,High
3313,High
3314,High
3315,High
3316,Low
3317,High
3318,Low
3319,High
3320,Low
3321,Low
3322,Low
3323,High
3324,High
3325,High
3326,Low
3327,High
3328,High
3329,High
3330,High
3331,High
3332,High
3333,High
3334,High
3335,High
3336,High
3337,High
3338,High
3339,High
3340,High
3341,High
3342,High
3343,Medium
3344,High
3345,Low
3346,High
3347,High
3348,High
3349,High
3350,High
3351,High
3352,High
3353,High
3354,High
3355,High
3356,High
3357,High
3358,Low
3359,High
3360,High
3361,High
3362,High
3363,High
3364,High
3365,High
3366,High
3367,High
3368,High
3369,High
3370,High
3371,High
3372,High
3373,High
3374,High
3375,High
3376,High
3377,High
3378,High
3379,High
3380,High
3381,High
3382,Low
3383,High
3384,High
3385,High
3386,High
3387,High
3388,High
3389,High
3390,High
3391,High
3392,High
3393,High
3394,High
3395,High
3396,Medium
3397,High
3398,Medium
3399,High
3400,High
3401,Low
3402,High
3403,High
3404,High
3405,High
3406,High
3407,Low
3408,High
3409,High
3410,High
3411,Low
3412,High
3413,High
3414,Medium
3415,High
3416,High
3417,High
3418,High
3419,High
3420,Low
3421,High
3422,High
3423,High
3424,High
3425,High
3426,Low
3427,Medium
3428,High
3429,High
3430,High
3431,High
3432,High
3433,Low
3434,High
3435,High
3436,High
3437,Low
3438,High
3439,High
3440,High
3441,High
3442,High
3443,Low
3444,High
3445,Low
3446,Medium
3447,Low
3448,High
3449,High
3450,High
3451,High
3452,High
3453,High
3454,High
3455,High
3456,High
3457,Low
3458,High
3459,High
3460,High
3461,High
3462,High
3463,High
3464,Medium
3465,High
3466,High
3467,Low
3468,High
3469,High
3470,High
3471,Low
3472,High
3473,High
3474,High
3475,High
3476,High
3477,High
3478,High
3479,High
3480,High
3481,Low
3482,High
3483,Low
3484,High
3485,Low
3486,Low
3487,High
3488,Low
3489,High
3490,High
3491,Low
3492,High
3493,High
3494,Medium
3495,High
3496,High
3497,High
3498,High
3499,High
3500,High
3501,High
3502,High
3503,High
3504,Medium
3505,High
3506,High
3507,High
3508,Low
3509,High
3510,High
3511,High
3512,High
3513,Low
3514,High
3515,High
3516,High
3517,Medium
3518,Low
3519,Low
3520,High
3521,High
3522,High
3523,High
3524,High
3525,High
3526,High
3527,High
3528,High
3529,High
3530,High
3531,High
3532,High
3533,Medium
3534,High
3535,High
3536,High
3537,High
3538,High
3539,High
3540,Low
3541,High
3542,High
3543,High
3544,High
3545,High
3546,High
3547,High
3548,High
3549,High
3550,High
3551,High
3552,High
3553,High
3554,High
3555,Low
3556,High
3557,High
3558,High
3559,High
3560,High
3561,Medium
3562,High
3563,High
3564,High
3565,High
3566,High
3567,High
3568,High
3569,High
3570,Low
3571,High
3572,High
3573,High
3574,High
3575,High
3576,High
3577,High
3578,High
3579,High
3580,High
3581,High
3582,High
3583,High
3584,High
3585,High
3586,Low
3587,High
3588,High
3589,High
3590,High
3591,High
3592,High
3593,Medium
3594,Low
3595,High
3596,High
3597,High
3598,High
3599,High
3600,High
3601,High
3602,High
3603,High
3604,High
3605,High
3606,High
3607,High
3608,High
3609,High
3610,Medium
3611,High
3612,Medium
3613,Medium
3614,High
3615,High
3616,High
3617,Medium
3618,High
3619,High
3620,High
3621,Low
3622,High
3623,High
3624,High
3625,High
3626,High
3627,High
3628,High
3629,High
3630,Low
3631,High
3632,High
3633,High
3634,Low
3635,Low
3636,High
3637,High
3638,High
3639,Low
3640,High
3641,High
3642,High
3643,High
3644,High
3645,High
3646,High
3647,High
3648,High
3649,High
3650,Low
3651,High
3652,High
3653,High
3654,High
3655,High
3656,High
3657,High
3658,High
3659,High
3660,High
3661,Low
3662,High
3663,High
3664,High
3665,High
3666,High
3667,Low
3668,Medium
3669,High
3670,Low
3671,High
3672,High
3673,High
3674,High
3675,High
3676,Low
3677,High
3678,High
3679,Low
3680,Low
3681,High
3682,High
3683,High
3684,High
3685,Low
3686,Medium
3687,High
3688,High
3689,Medium
3690,High
3691,High
3692,High
3693,Low
3694,High
3695,High
3696,High
3697,Low
3698,High
3699,High
3700,High
3701,Low
3702,High
3703,High
3704,Low
3705,High
3706,Medium
3707,High
3708,High
3709,High
3710,High
3711,High
3712,Low
3713,High
3714,High
3715,High
3716,Low
3717,High
3718,High
3719,Medium
3720,High
3721,High
3722,High
3723,High
3724,High
3725,High
3726,Low
3727,Medium
3728,Low
3729,Medium
3730,Low
3731,Low
3732,High
3733,High
3734,High
3735,High
3736,High
3737,Low
3738,High
3739,High
3740,High
3741,High
3742,High
3743,Medium
3744,High
3745,High
3746,Medium
3747,High
3748,High
3749,High
3750,Medium
3751,High
3752,Low
3753,Low
3754,Low
3755,High
3756,High
3757,High
3758,High
3759,Low
3760,High
3761,Low
3762,High
3763,High
3764,High
3765,High
3766,Low
3767,High
3768,High
3769,High
3770,High
3771,Low
3772,High
3773,High
3774,High
3775,High
3776,Low
3777,Low
3778,High
3779,High
3780,High
3781,High
3782,High
3783,High
3784,High
3785,High
3786,High
3787,High
3788,Low
3789,High
3790,High
3791,High
3792,Low
3793,High
3794,High
3795,High
3796,High
3797,High
3798,High
3799,Low
3800,High
3801,High
3802,High
3803,High
3804,High
3805,High
3806,High
3807,High
3808,High
3809,High
3810,High
3811,High
3812,High
3813,Low
3814,High
3815,High
3816,High
3817,High
3818,Low
3819,High
3820,Low
3821,High
3822,High
3823,High
3824,High
3825,Low
3826,High
3827,High
3828,High
3829,Low
3830,High
3831,High
3832,High
3833,High
3834,Low
3835,High
3836,High
3837,High
3838,High
3839,High
3840,High
3841,High
3842,High
3843,High
3844,High
3845,High
3846,High
3847,Low
3848,High
3849,High
3850,High
3851,Low
3852,High
3853,High
3854,Medium
3855,High
3856,High
3857,High
3858,High
3859,Medium
3860,High
3861,High
3862,High
3863,Low
3864,High
3865,High
3866,High
3867,High
3868,High
3869,High
3870,High
3871,Low
3872,High
3873,High
3874,Low
3875,High
3876,High
3877,High
3878,High
3879,Low
3880,High
3881,Low
3882,High
3883,High
3884,High
3885,Low
3886,High
3887,Low
3888,High
3889,High
3890,High
3891,High
3892,Medium
3893,High
3894,High
3895,High
3896,High
3897,Low
3898,High
3899,High
3900,High
3901,High
3902,High
3903,High
3904,Low
3905,Low
3906,High
3907,High
3908,High
3909,Low
3910,Medium
3911,High
3912,High
3913,Medium
3914,High
3915,High
3916,High
3917,High
3918,High
3919,High
3920,High
3921,High
3922,Medium
3923,High
3924,Low
3925,Low
3926,High
3927,Low
3928,High
3929,High
3930,Medium
3931,High
3932,Low
3933,High
3934,High
3935,High
3936,High
3937,High
3938,High
3939,High
3940,High
3941,Low
3942,High
3943,High
3944,Low
3945,High
3946,High
3947,High
3948,Medium
3949,High
3950,High
3951,Low
3952,High
3953,High
3954,High
3955,High
3956,High
3957,High
3958,High
3959,High
3960,High
3961,High
3962,High
3963,High
3964,High
3965,Low
3966,High
3967,High
3968,High
3969,Medium
3970,High
3971,High
3972,High
3973,High
3974,High
3975,High
3976,High
3977,High
3978,High
3979,High
3980,High
3981,High
3982,High
3983,High
3984,High
3985,High
3986,Low
3987,High
3988,Medium
3989,High
3990,High
3991,Low
3992,High
3993,High
3994,Low
3995,High
3996,Low
3997,High
3998,High
3999,High
4000,High
4001,High
4002,Medium
4003,Medium
4004,High
4005,High
4006,High
4007,High
4008,High
4009,High
4010,High
4011,High
4012,Low
4013,High
4014,High
4015,Low
4016,Low
4017,High
4018,Low
4019,High
4020,High
4021,High
4022,High
4023,High
4024,Medium
4025,High
4026,Low
4027,Low
4028,High
4029,Low
4030,High
4031,Low
4032,High
4033,High
4034,Low
4035,High
4036,High
4037,High
4038,High
4039,High
4040,High
4041,Low
4042,High
4043,High
4044,High
4045,High
4046,Medium
4047,Low
4048,Low
4049,High
4050,Medium
4051,High
4052,High
4053,Medium
4054,High
4055,Low
4056,High
4057,Low
4058,High
4059,Low
4060,High
4061,High
4062,High
4063,High
4064,High
4065,High
4066,High
4067,High
4068,High
4069,High
4070,Low
4071,High
4072,High
4073,High
4074,High
4075,High
4076,High
4077,Medium
4078,High
4079,High
4080,High
4081,High
4082,High
4083,High
4084,High
4085,High
4086,High
4087,High
4088,High
4089,High
4090,High
4091,High
4092,High
4093,High
4094,High
4095,High
4096,High
4097,Medium
4098,High
4099,High
4100,High
4101,High
4102,Low
4103,Low
4104,High
4105,High
4106,High
4107,High
4108,High
4109,High
4110,High
4111,Medium
4112,High
4113,High
4114,High
4115,High
4116,High
4117,High
4118,High
4119,High
4120,Low
4121,High
4122,High
4123,Low
4124,Medium
4125,High
4126,High
4127,High
4128,High
4129,High
4130,High
4131,High
4132,High
4133,Low
4134,High
4135,High
4136,Low
4137,High
4138,High
4139,High
4140,High
4141,High
4142,High
4143,High
4144,High
4145,High
4146,High
4147,High
4148,High
4149,High
4150,High
4151,High
4152,Medium
4153,High
4154,Low
4155,Low
4156,High
4157,High
4158,High
4159,High
4160,High
4161,High
4162,High
4163,Low
4164,Medium
4165,High
4166,High
4167,Low
4168,High
4169,High
4170,High
4171,High
4172,High
4173,High
4174,Low
4175,High
4176,High
4177,Low
4178,Medium
4179,High
4180,High
4181,Low
4182,High
4183,High
4184,High
4185,High
4186,High
4187,High
4188,High
4189,High
4190,High
4191,Low
4192,High
4193,High
4194,High
4195,High
4196,High
4197,High
4198,High
4199,High
4200,High
4201,High
4202,High
4203,High
4204,High
4205,High
4206,High
4207,High
4208,High
4209,High
4210,High
4211,High
4212,High
4213,High
4214,High
4215,High
4216,High
4217,High
4218,High
4219,High
4220,High
4221,High
4222,Medium
4223,High
4224,High
4225,Medium
4226,High
4227,High
4228,High
4229,High
4230,Low
4231,High
4232,High
4233,Medium
4234,High
4235,High
4236,Low
4237,High
4238,High
4239,High
4240,Low
4241,High
4242,High
4243,High
4244,High
4245,Low
4246,High
4247,High
4248,Low
4249,High
4250,High
4251,Medium
4252,High
4253,High
4254,Low
4255,High
4256,High
4257,High
4258,High
4259,Medium
4260,High
4261,Low
4262,High
4263,Low
4264,High
4265,High
4266,High
4267,High
4268,High
4269,High
4270,High
4271,High
4272,High
4273,High
4274,High
4275,High
4276,High
4277,High
4278,High
4279,High
4280,High
4281,Low
4282,High
4283,High
4284,High
4285,High
4286,High
4287,High
4288,Low
4289,Low
4290,High
4291,High
4292,High
4293,High
4294,High
4295,Medium
4296,High
4297,High
4298,High
4299,Low
4300,Low
4301,Low
4302,High
4303,High
4304,High
4305,Low
4306,High
4307,High
4308,Low
4309,High
4310,High
4311,High
4312,High
4313,High
4314,High
4315,Low
4316,High
4317,High
4318,High
4319,High
4320,High
4321,High
4322,Low
4323,High
4324,High
4325,High
4326,High
4327,Medium
4328,Low
4329,High
4330,High
4331,High
4332,Low
4333,High
4334,High
4335,Low
4336,High
4337,Low
4338,High
4339,Low
4340,High
4341,Low
4342,High
4343,High
4344,High
4345,Medium
4346,High
4347,Low
4348,High
4349,High
4350,High
4351,High
4352,High
4353,High
4354,Low
4355,Medium
4356,High
4357,High
4358,High
4359,High
4360,High
4361,High
4362,High
4363,High
4364,High
4365,Low
4366,High
4367,High
4368,High
4369,High
4370,Medium
4371,High
4372,High
4373,High
4374,High
4375,Low
4376,Low
4377,High
4378,High
4379,High
4380,High
4381,High
4382,High
4383,High
4384,High
4385,High
4386,Low
4387,High
4388,High
4389,High
4390,Low
4391,Low
4392,High
4393,High
4394,High
4395,High
4396,High
4397,High
4398,Low
4399,Low
4400,Low
4401,High
4402,High
4403,High
4404,High
4405,Medium
4406,High
4407,High
4408,High
4409,Low
4410,High
4411,High
4412,High
4413,High
4414,High
4415,High
4416,High
4417,High
4418,Low
4419,Medium
4420,High
4421,High
4422,High
4423,Low
4424,High
4425,High
4426,High
4427,High
4428,High
4429,High
4430,High
4431,High
4432,High
4433,High
4434,High
4435,High
4436,High
4437,High
4438,High
4439,High
4440,High
4441,High
4442,Low
4443,High
4444,High
4445,High
4446,High
4447,High
4448,Low
4449,Low
4450,Low
4451,High
4452,Medium
4453,High
4454,High
4455,High
4456,Low
4457,High
4458,High
4459,High
4460,High
4461,High
4462,High
4463,High
4464,Low
4465,High
4466,Low
4467,High
4468,High
4469,High
4470,High
4471,High
4472,High
4473,High
4474,High
4475,High
4476,High
4477,High
4478,High
4479,High
4480,High
4481,High
4482,High
4483,High
4484,High
4485,High
4486,High
4487,High
4488,High
4489,High
4490,High
4491,High
4492,High
4493,High
4494,High
4495,High
4496,High
4497,High
4498,High
4499,High
4500,Low
4501,High
4502,High
4503,High
4504,High
4505,High
4506,Low
4507,High
4508,High
4509,High
4510,Low
4511,High
4512,High
4513,Low
4514,High
4515,Low
4516,High
4517,Low
4518,High
4519,High
4520,High
4521,Medium
4522,High
4523,High
4524,Low
4525,High
4526,High
4527,High
4528,Low
4529,Low
4530,High
4531,High
4532,High
4533,High
4534,High
4535,High
4536,High
4537,High
4538,High
4539,High
4540,Low
4541,High
4542,High
4543,High
4544,High
4545,High
4546,Low
4547,High
4548,High
4549,High
4550,Low
4551,High
4552,High
4553,High
4554,High
4555,Low
4556,Low
4557,High
4558,High
4559,High
4560,High
4561,Low
4562,High
4563,High
4564,Low
4565,High
4566,High
4567,Medium
4568,High
4569,High
4570,High
4571,Medium
4572,High
4573,High
4574,High
4575,High
4576,High
4577,High
4578,High
4579,High
4580,High
4581,High
4582,Low
4583,Medium
4584,High
4585,Medium
4586,High
4587,High
4588,High
4589,High
4590,Medium
4591,High
4592,High
4593,Low
4594,High
4595,High
4596,High
4597,High
4598,High
4599,High
4600,High
4601,Low
4602,Medium
4603,Medium
4604,High
4605,High
4606,High
4607,High
4608,High
4609,High
4610,High
4611,High
4612,High
4613,High
4614,High
4615,High
4616,High
4617,Low
4618,High
4619,High
4620,High
4621,High
4622,High
4623,High
4624,Medium
4625,High
4626,High
4627,High
4628,High
4629,High
4630,High
4631,High
4632,High
4633,High
4634,High
4635,Medium
4636,High
4637,High
4638,High
4639,High
4640,High
4641,High
4642,High
4643,High
4644,High
4645,High
4646,High
4647,High
4648,High
4649,High
4650,High
4651,High
4652,Low
4653,Low
4654,Low
4655,High
4656,High
4657,High
4658,High
4659,High
4660,High
4661,High
4662,Low
4663,Medium
4664,Low
4665,High
4666,High
4667,High
4668,Low
4669,High
4670,High
4671,High
4672,High
4673,High
4674,High
4675,High
4676,High
4677,High
4678,Low
4679,Low
4680,High
4681,High
4682,High
4683,Medium
4684,Low
4685,High
4686,High
4687,High
4688,High
4689,High
4690,Low
4691,High
4692,High
4693,Low
4694,High
4695,High
4696,High
4697,Low
4698,High
4699,High
4700,High
4701,High
4702,High
4703,High
4704,Low
4705,High
4706,High
4707,Medium
4708,High
4709,High
4710,Low
4711,High
4712,High
4713,High
4714,High
4715,High
4716,Medium
4717,Low
4718,High
4719,Low
4720,High
4721,High
4722,Low
4723,High
4724,High
4725,High
4726,Low
4727,High
4728,Medium
4729,High
4730,High
4731,High
4732,High
4733,Low
4734,High
4735,High
4736,Low
4737,High
4738,High
4739,High
4740,Low
4741,High
4742,High
4743,High
4744,Low
4745,High
4746,Low
4747,Medium
4748,High
4749,High
4750,High
4751,High
4752,High
4753,High
4754,High
4755,High
4756,High
4757,High
4758,High
4759,Low
4760,Low
4761,High
4762,High
4763,High
4764,High
4765,High
4766,High
4767,High
4768,High
4769,Low
4770,High
4771,Low
4772,Low
4773,High
4774,High
4775,High
4776,High
4777,High
4778,High
4779,High
4780,Low
4781,High
4782,High
4783,High
4784,High
4785,High
4786,Low
4787,High
4788,High
4789,High
4790,High
4791,Medium
4792,High
4793,High
4794,High
4795,Low
4796,High
4797,High
4798,High
4799,High
4800,High
4801,High
4802,High
4803,High
4804,Low
4805,High
4806,High
4807,High
4808,High
4809,Medium
4810,High
4811,High
4812,High
4813,High
4814,High
4815,High
4816,High
4817,High
4818,High
4819,High
4820,Low
4821,High
4822,High
4823,High
4824,High
4825,Low
4826,Low
4827,High
4828,High
4829,Medium
4830,Medium
4831,Low
4832,High
4833,High
4834,High
4835,High
4836,High
4837,High
4838,High
4839,Low
4840,Low
4841,Medium
4842,Low
4843,Medium
4844,High
4845,Low
4846,Medium
4847,Low
4848,High
4849,High
4850,High
4851,High
4852,Medium
4853,High
4854,Low
4855,High
4856,High
4857,Low
4858,High
4859,High
4860,High
4861,High
4862,High
4863,High
4864,High
4865,Medium
4866,High
4867,High
4868,Medium
4869,Low
4870,High
4871,High
4872,High
4873,High
4874,High
4875,Low
4876,Medium
4877,Low
4878,High
4879,Low
4880,Low
4881,High
4882,High
4883,High
4884,High
4885,Medium
4886,High
4887,High
4888,High
4889,High
4890,Low
4891,High
4892,High
4893,High
4894,High
4895,High
4896,High
4897,Medium
4898,Medium
4899,High
4900,High
4901,High
4902,Low
4903,High
4904,Low
4905,High
4906,High
4907,Low
4908,High
4909,High
4910,High
4911,High
4912,High
4913,High
4914,High
4915,High
4916,High
4917,High
4918,High
4919,High
4920,Medium
4921,High
4922,High
4923,Low
4924,High
4925,High
4926,High
4927,Low
4928,High
4929,High
4930,High
4931,High
4932,High
4933,Medium
4934,High
4935,High
4936,High
4937,High
4938,Medium
4939,Medium
4940,High
4941,Low
4942,High
4943,High
4944,High
4945,High
4946,High
4947,High
4948,Low
4949,High
4950,Low
4951,High
4952,Low
4953,High
4954,High
4955,Medium
4956,Low
4957,Low
4958,High
4959,High
4960,High
4961,High
4962,High
4963,High
4964,High
4965,High
4966,High
4967,High
4968,High
4969,High
4970,Low
4971,High
4972,High
4973,High
4974,High
4975,High
4976,Low
4977,High
4978,Low
4979,High
4980,High
4981,Low
4982,Medium
4983,Medium
4984,High
4985,High
4986,High
4987,High
4988,High
4989,High
4990,High
4991,High
4992,High
4993,High
4994,High
4995,High
4996,High
4997,High
4998,High
4999,High
5000,High
5001,High
5002,High
5003,Low
5004,High
5005,High
5006,High
5007,High
5008,High
5009,High
5010,High
5011,Low
5012,High
5013,High
5014,Medium
5015,High
5016,High
5017,High
5018,High
5019,High
5020,High
5021,Medium
5022,High
5023,High
5024,High
5025,High
5026,Low
5027,High
5028,High
5029,High
5030,Low
5031,High
5032,High
5033,High
5034,High
5035,High
5036,High
5037,High
5038,Low
5039,High
5040,High
5041,High
5042,High
5043,Low
5044,Low
5045,Low
5046,High
5047,High
5048,High
5049,High
5050,High
5051,High
5052,High
5053,Low
5054,High
5055,Low
5056,High
5057,Low
5058,High
5059,Low
5060,Low
5061,High
5062,High
5063,High
5064,High
5065,High
5066,High
5067,High
5068,High
5069,High
5070,High
5071,High
5072,High
5073,High
5074,High
5075,High
5076,High
5077,High
5078,High
5079,High
5080,High
5081,High
5082,High
5083,High
5084,High
5085,High
5086,High
5087,High
5088,High
5089,High
5090,High
5091,Low
5092,High
5093,High
5094,High
5095,Low
5096,High
5097,High
5098,High
5099,High
5100,High
5101,High
5102,High
5103,High
5104,High
5105,Low
5106,Low
5107,High
5108,High
5109,Low
5110,High
5111,High
5112,High
5113,High
5114,High
5115,High
5116,High
5117,High
5118,High
5119,High
5120,High
5121,High
5122,High
5123,High
5124,High
5125,High
5126,Medium
5127,High
5128,High
5129,High
5130,High
5131,High
5132,High
5133,High
5134,High
5135,High
5136,High
5137,High
5138,High
5139,High
5140,High
5141,Low
5142,High
5143,High
5144,High
5145,High
5146,High
5147,High
5148,High
5149,High
5150,High
5151,High
5152,High
5153,Low
5154,High
5155,High
5156,High
5157,High
5158,Low
5159,Low
5160,High
5161,Medium
5162,Low
5163,Medium
5164,High
5165,Low
5166,High
5167,Low
5168,High
5169,High
5170,High
5171,High
5172,High
5173,High
5174,High
5175,Low
5176,Low
5177,High
5178,High
5179,High
5180,High
5181,High
5182,High
5183,High
5184,High
5185,High
5186,Low
5187,High
5188,Low
5189,High
5190,High
5191,High
5192,Medium
5193,Low
5194,High
5195,High
5196,Medium
5197,High
5198,High
5199,High
5200,Medium
5201,High
5202,High
5203,High
5204,High
5205,Low
5206,High
5207,High
5208,High
5209,Low
5210,High
5211,High
5212,High
5213,High
5214,High
5215,High
5216,High
5217,Medium
5218,High
5219,High
5220,High
5221,High
5222,High
5223,Low
5224,High
5225,High
5226,Low
5227,High
5228,High
5229,Low
5230,High
5231,High
5232,High
5233,High
5234,Low
5235,High
5236,Low
5237,High
5238,High
5239,High
5240,Low
5241,High
5242,High
5243,Low
5244,High
5245,High
5246,High
5247,High
5248,Low
5249,High
5250,High
5251,Medium
5252,High
5253,High
5254,High
5255,Low
5256,High
5257,High
5258,High
5259,High
5260,High
5261,High
5262,High
5263,High
5264,High
5265,High
5266,High
5267,High
5268,High
5269,High
5270,High
5271,High
5272,Low
5273,High
5274,High
5275,Low
5276,Medium
5277,High
5278,High
5279,High
5280,High
5281,High
5282,High
5283,High
5284,High
5285,High
5286,Low
5287,High
5288,Low
5289,Medium
5290,Low
5291,High
5292,High
5293,High
5294,High
5295,Low
5296,High
5297,Low
5298,High
5299,High
5300,High
5301,Low
5302,High
5303,High
5304,High
5305,High
5306,Low
5307,Medium
5308,High
5309,High
5310,High
5311,High
5312,Low
5313,High
5314,Low
5315,High
5316,Low
5317,High
5318,Medium
5319,High
5320,High
5321,High
5322,High
5323,High
5324,Low
5325,High
5326,Low
5327,High
5328,High
5329,High
5330,Low
5331,Low
5332,Low
5333,High
5334,Low
5335,High
5336,High
5337,Low
5338,High
5339,Low
5340,High
5341,High
5342,High
5343,High
5344,High
5345,High
5346,High
5347,High
5348,High
5349,High
5350,High
5351,Low
5352,High
5353,High
5354,High
5355,High
5356,High
5357,High
5358,High
5359,High
5360,High
5361,High
5362,High
5363,High
5364,High
5365,High
5366,High
5367,High
5368,High
5369,Low
5370,High
5371,High
5372,High
5373,High
5374,Low
5375,High
5376,High
5377,High
5378,High
5379,High
5380,High
5381,High
5382,High
5383,High
5384,High
5385,Medium
5386,High
5387,High
5388,High
5389,High
5390,Low
5391,High
5392,High
5393,High
5394,Low
5395,High
5396,High
5397,High
5398,High
5399,High
5400,High
5401,High
5402,High
5403,High
5404,High
5405,High
5406,High
5407,High
5408,Low
5409,Low
5410,High
5411,High
5412,High
5413,Low
5414,High
5415,High
5416,Low
5417,High
5418,High
5419,High
5420,High
5421,High
5422,High
5423,High
5424,High
5425,High
5426,High
5427,High
5428,High
5429,High
5430,High
5431,High
5432,High
5433,High
5434,High
5435,High
5436,High
5437,High
5438,High
5439,High
5440,Medium
5441,High
5442,High
5443,Low
5444,High
5445,Low
5446,High
5447,High
5448,High
5449,High
5450,High
5451,Medium
5452,High
5453,High
5454,Medium
5455,High
5456,High
5457,High
5458,Low
5459,High
5460,Low
5461,High
5462,High
5463,High
5464,High
5465,High
5466,Low
5467,High
5468,High
5469,High
5470,High
5471,High
5472,High
5473,High
5474,High
5475,High
5476,High
5477,High
5478,High
5479,High
5480,Low
5481,High
5482,High
5483,High
5484,High
5485,High
5486,High
5487,High
5488,High
5489,Low
5490,Low
5491,Low
5492,High
5493,High
5494,High
5495,Low
5496,Low
5497,High
5498,High
5499,Low
5500,High
5501,Low
5502,High
5503,High
5504,High
5505,High
5506,High
5507,High
5508,Low
5509,High
5510,Low
5511,High
5512,Low
5513,Low
5514,High
5515,High
5516,High
5517,High
5518,Medium
5519,High
5520,Medium
5521,Low
5522,Low
5523,High
5524,High
5525,High
5526,High
5527,High
5528,High
5529,High
5530,Low
5531,High
5532,High
5533,High
5534,High
5535,High
5536,High
5537,High
5538,High
5539,Medium
5540,High
5541,High
5542,High
5543,High
5544,High
5545,High
5546,High
5547,Medium
5548,Low
5549,High
5550,High
5551,High
5552,High
5553,High
5554,High
5555,High
5556,High
5557,High
5558,High
5559,Low
5560,High
5561,High
5562,High
5563,Low
5564,High
5565,High
5566,High
5567,High
5568,Low
5569,Low
5570,Low
5571,High
5572,High
5573,High
5574,High
5575,High
5576,High
5577,High
5578,High
5579,High
5580,Low
5581,High
5582,High
5583,High
5584,High
5585,Low
5586,High
5587,High
5588,High
5589,High
5590,High
5591,High
5592,High
5593,High
5594,High
5595,High
5596,High
5597,High
5598,High
5599,High
5600,High
5601,High
5602,Low
5603,High
5604,Medium
5605,High
5606,High
5607,High
5608,High
5609,High
5610,High
5611,High
5612,High
5613,High
5614,High
5615,High
5616,Low
5617,Medium
5618,Low
5619,High
5620,High
5621,Low
5622,High
5623,High
5624,High
5625,High
5626,Low
5627,Medium
5628,High
5629,Low
5630,High
5631,High
5632,High
5633,High
5634,High
5635,High
5636,High
5637,Low
5638,High
5639,High
5640,Low
5641,High
5642,High
5643,High
5644,Medium
5645,High
5646,High
5647,High
5648,High
5649,Low
5650,High
5651,High
5652,High
5653,High
5654,High
5655,Low
5656,High
5657,High
5658,Low
5659,Low
5660,High
5661,High
5662,High
5663,High
5664,High
5665,High
5666,High
5667,High
5668,High
5669,High
5670,High
5671,High
5672,High
5673,High
5674,High
5675,High
5676,High
5677,High
5678,High
5679,High
5680,High
5681,Medium
5682,High
5683,High
5684,High
5685,High
5686,Low
5687,High
5688,High
5689,High
5690,High
5691,Low
5692,High
5693,High
5694,High
5695,High
5696,Low
5697,Low
5698,High
5699,High
5700,High
5701,High
5702,High
5703,High
5704,High
5705,Low
5706,High
5707,Low
5708,High
5709,High
5710,High
5711,Low
5712,High
5713,Medium
5714,High
5715,High
5716,High
5717,High
5718,Low
5719,High
5720,High
5721,High
5722,High
5723,High
5724,High
5725,High
5726,High
5727,High
5728,Low
5729,Medium
5730,High
5731,High
5732,High
5733,High
5734,High
5735,Low
5736,High
5737,High
5738,Low
5739,High
5740,High
5741,Low
5742,High
5743,Low
5744,High
5745,Low
5746,High
5747,High
5748,High
5749,High
5750,High
5751,High
5752,High
5753,High
5754,High
5755,High
5756,High
5757,High
5758,High
5759,High
5760,Medium
5761,Low
5762,High
5763,High
5764,High
5765,High
5766,High
5767,Low
5768,High
5769,High
5770,Medium
5771,High
5772,High
5773,High
5774,High
5775,High
5776,High
5777,High
5778,High
5779,High
5780,Low
5781,High
5782,High
5783,High
5784,High
5785,High
5786,High
5787,High
5788,High
5789,High
5790,High
5791,High
5792,High
5793,High
5794,Low
5795,High
5796,High
5797,High
5798,High
5799,Medium
5800,High
5801,High
5802,High
5803,Low
5804,High
5805,High
5806,High
5807,High
5808,Low
5809,High
5810,High
5811,High
5812,High
5813,High
5814,Low
5815,High
5816,Low
5817,High
5818,Low
5819,High
5820,High
5821,High
5822,High
5823,High
5824,High
5825,High
5826,High
5827,High
5828,Low
5829,High
5830,High
5831,Low
5832,High
5833,Low
5834,High
5835,High
5836,High
5837,High
5838,High
5839,High
5840,Low
5841,High
5842,High
5843,High
5844,High
5845,High
5846,High
5847,Medium
5848,High
5849,High
5850,High
5851,High
5852,High
5853,High
5854,High
5855,High
5856,High
5857,High
5858,Low
5859,High
5860,Medium
5861,High
5862,High
5863,Low
5864,High
5865,High
5866,High
5867,High
5868,High
5869,High
5870,High
5871,High
5872,High
5873,High
5874,High
5875,High
5876,High
5877,High
5878,Low
5879,High
5880,High
5881,High
5882,Medium
5883,High
5884,High
5885,High
5886,Low
5887,High
5888,High
5889,High
5890,Low
5891,High
5892,High
5893,Medium
5894,High
5895,High
5896,High
5897,Low
5898,Low
5899,High
5900,High
5901,High
5902,High
5903,High
5904,High
5905,Medium
5906,High
5907,High
5908,Low
5909,High
5910,High
5911,Low
5912,High
5913,High
5914,High
5915,High
5916,Medium
5917,High
5918,High
5919,Low
5920,High
5921,High
5922,Low
5923,High
5924,High
5925,High
5926,Low
5927,High
5928,Medium
5929,High
5930,High
5931,Medium
5932,High
5933,High
5934,High
5935,High
5936,Low
5937,High
5938,High
5939,High
5940,High
5941,High
5942,High
5943,High
5944,High
5945,High
5946,High
5947,High
5948,High
5949,Low
5950,High
5951,High
5952,High
5953,High
5954,Low
5955,High
5956,High
5957,Low
5958,High
5959,High
5960,High
5961,Medium
5962,Low
5963,Low
5964,Low
5965,High
5966,High
5967,High
5968,High
5969,Medium
5970,High
5971,High
5972,Low
5973,High
5974,High
5975,Low
5976,High
5977,High
5978,Low
5979,High
5980,High
5981,Low
5982,High
5983,High
5984,High
5985,Low
5986,High
5987,Low
5988,High
5989,High
5990,High
5991,High
5992,High
5993,Low
5994,High
5995,High
5996,High
5997,High
5998,High
5999,High
6000,Low
6001,High
6002,Medium
6003,High
6004,Low
6005,Low
6006,High
6007,Low
6008,Low
6009,High
6010,High
6011,High
6012,Low
6013,High
6014,High
6015,High
6016,High
6017,High
6018,High
6019,High
6020,High
6021,High
6022,High
6023,High
6024,High
6025,High
6026,Low
6027,High
6028,High
6029,High
6030,High
6031,High
6032,High
6033,Low
6034,High
6035,High
6036,High
6037,High
6038,High
6039,High
6040,High
6041,Low
6042,High
6043,Low
6044,High
6045,High
6046,Low
6047,High
6048,High
6049,High
6050,High
6051,High
6052,High
6053,High
6054,High
6055,High
6056,High
6057,High
6058,High
6059,Low
6060,High
6061,High
6062,High
6063,High
6064,High
6065,High
6066,Low
6067,High
6068,High
6069,High
6070,High
6071,High
6072,High
6073,High
6074,High
6075,High
6076,High
6077,High
6078,Low
6079,High
6080,High
6081,Medium
6082,Low
6083,Low
6084,High
6085,Low
6086,High
6087,Medium
6088,High
6089,High
6090,High
6091,High
6092,High
6093,High
6094,High
6095,Low
6096,High
6097,Low
6098,High
6099,High
6100,High
6101,High
6102,High
6103,High
6104,High
6105,High
6106,High
6107,High
6108,High
6109,High
6110,High
6111,High
6112,High
6113,Low
6114,High
6115,High
6116,High
6117,Low
6118,High
6119,High
6120,High
6121,High
6122,High
6123,High
6124,High
6125,High
6126,Low
6127,High
6128,High
6129,Low
6130,High
6131,High
6132,High
6133,High
6134,High
6135,High
6136,High
6137,High
6138,High
6139,High
6140,Low
6141,High
6142,Low
6143,High
6144,High
6145,Medium
6146,High
6147,High
